model,cv_rmse_mean,cv_rmse_std,cv_mae_mean,cv_r2_mean
ExtraTrees,1.2365516915556807,0.5794400373857523,0.5773031481481483,0.9405802711583009
GradientBoosting,1.257210124648915,0.5469780827906273,0.5833998880558807,0.9389631280212363
RandomForest,1.4135712052928517,0.44894551545226136,0.6484439814814816,0.9228469704754488
