feature,importance
num__TV_x_Radio,0.882640851087802
num__total_ad_spend,0.06985467991095613
num__TV,0.04243469079382962
num__Radio_share,0.0021849324863080144
num__Newspaper,0.0011401463480591805
num__Newspaper_share,0.0007645273766742816
num__TV_share,0.0006487706190374941
num__Radio,0.00033140137733332625
