{
  "best_model": "Gradient Boosting",
  "test_rmse": 0.6250244446217038,
  "test_mae": 0.47112979339803107,
  "test_r2": 0.9876232231516835,
  "rows": 200,
  "features_used": 8,
  "target_column": "Sales"
}