model,cv_r2_mean,cv_r2_std
Gradient Boosting,0.9894129338899708,0.003066460482245288
Ridge,0.9883122533342135,0.004023389314501473
Random Forest,0.9882900304657906,0.0061038182456637025
Linear Regression,0.9882096164345795,0.00382377219936421
